Fecha,Tipo_Mantenimiento,Temperatura_C,Vibracion_mm_s,Horas_Operativas
2021-01-01,1,34.749896358663975,2.136811757050703,614
2021-01-02,1,89.58893686966776,9.409404006081315,634
2021-01-03,1,56.20055790213057,1.5293948689815815,658
2021-01-04,1,70.55560777728842,3.411009034639375,664
2021-01-05,1,97.50899984427976,0.6187574993001932,683
2021-01-06,1,73.44653898361139,4.641474376174405,701
2021-01-07,1,62.26904305450864,9.634196354395003,717
2021-01-08,1,80.94142616008469,9.77286798048894,730
2021-01-09,0,69.2984398281104,6.510735242052807,0
2021-01-10,1,50.938025304358206,0.3386254363747276,20
2021-01-11,1,24.0832604349521,3.659172936878768,41
2021-01-12,1,49.90724177018748,7.917207502255325,62
2021-01-13,1,69.4076834355903,2.9127191661635985,63
2021-01-14,1,29.32950503241967,5.788057930152622,87
2021-01-15,1,81.20922741309775,0.2046562781660532,110
2021-01-16,1,97.35156195992124,3.8390839421633736,123
2021-01-17,1,71.15832276109913,4.958337620766037,135
2021-01-18,1,61.89426875683563,3.1930197467986856,152
2021-01-19,1,46.53896153512997,8.150772423995383,174
2021-01-20,0,36.3737389864648,2.0862765877388965,21
2021-01-21,1,40.26837117845852,9.89836285142536,35
2021-01-22,1,99.2046948523815,7.328129742591463,54
2021-01-23,1,86.18194360628931,5.267559821939775,70
2021-01-24,1,96.76355224641668,7.7210381244610895,93
2021-01-25,1,47.90428255441342,4.597395045923781,111
2021-01-26,1,44.85596428343758,9.897872671316772,123
2021-01-27,1,43.99277186050313,6.044152132123876,138
2021-01-28,1,21.67874376515109,8.894404653297418,145
2021-01-29,1,51.058498902551065,6.47315018171927,168
2021-01-30,1,92.37487558942784,1.7524005660652842,168
2021-01-31,1,46.57875965087082,0.4333569028734918,175
2021-02-01,1,86.64245667177553,1.4257898426375604,198
2021-02-02,0,48.77244792221107,5.8361258498914745,16
2021-02-03,1,35.653575559434934,0.6677661339612506,16
2021-02-04,1,50.06866446568827,7.9575106333155,32
2021-02-05,1,60.312553295417885,5.995953955000274,33
2021-02-06,1,45.495172565840406,5.740669645603723,57
2021-02-07,1,23.21700507540374,8.643821694177939,69
2021-02-08,1,59.16484303400824,9.135114059351672,85
2021-02-09,1,37.03608120830029,7.673534374821001,109
2021-02-10,1,47.543511858601725,4.99957428843211,131
2021-02-11,1,59.81093615839471,1.1777268764530135,133
2021-02-12,1,66.4384618468091,0.8818149596300195,143
2021-02-13,1,80.65794844811187,2.1770888386584177,158
2021-02-14,0,47.90475738302182,9.441181814285786,0
2021-02-15,0,48.22175392617656,8.240911973770706,15
2021-02-16,1,39.27862712581151,4.7086489919522805,23
2021-02-17,1,74.8109132066784,7.746810197713989,23
2021-02-18,1,34.64945218350026,0.8647227724133122,26
2021-02-19,1,70.65034862868029,1.892955082380464,49
2021-02-20,1,87.86569659093095,5.96363032162437,59
2021-02-21,1,63.35661569177187,9.369763654336063,60
2021-02-22,1,89.70445944695712,4.105506251727929,62
2021-02-23,1,99.84107209437528,7.754060455052026,70
2021-02-24,1,49.97423336944696,0.5608371897158593,71
2021-02-25,1,97.75661323597896,0.4911882985359761,88
2021-02-26,1,50.65788596063005,5.796078305059302,91
2021-02-27,1,72.90018958129384,9.95531011186437,97
2021-02-28,1,81.15688754387551,7.126218213040129,120
2021-03-01,1,68.32925896302413,2.4745419615314024,122
2021-03-02,1,60.365357700974336,3.540846280520636,130
2021-03-03,1,49.324298240594274,6.6178989559895305,146
2021-03-04,1,34.073631545964666,3.5490568658818056,157
2021-03-05,1,58.16496465924848,7.737369362583323,172
2021-03-06,1,20.125973465190967,7.918066607004293,188
2021-03-07,1,84.20363664953092,3.078088224790675,188
2021-03-08,1,81.70837766465681,8.03254400389197,211
2021-03-09,1,44.36831876047023,6.242875064892534,227
2021-03-10,1,39.44490551878558,0.8158591455606024,232
2021-03-11,1,28.43595389785205,6.628725294116592,233
2021-03-12,1,93.51258459751706,1.776002944292112,235
2021-03-13,1,66.17151953619774,1.8014208910938567,238
2021-03-14,1,58.85751757436661,1.6377508215543513,243
2021-03-15,1,83.07392597498634,1.3185483339696058,250
2021-03-16,1,77.92402567855872,5.870802613971665,268
2021-03-17,1,24.5607629895364,8.31019123432489,280
2021-03-18,0,64.29183721789123,4.637592019913126,4
2021-03-19,1,30.515652264165382,4.768377126461893,20
2021-03-20,1,94.8919466906918,7.592296161380717,43
2021-03-21,1,62.12828260684991,3.1073008307924264,67
2021-03-22,1,30.42755968634197,0.0193120642462574,68
2021-03-23,1,76.48044066464276,9.108542343395534,78
2021-03-24,1,33.28267072006995,8.834052469182408,90
2021-03-25,1,35.520350594031534,3.098356210475928,102
2021-03-26,1,42.58974570509831,2.723076975725973,111
2021-03-27,1,63.559790701712906,1.680847560547083,130
2021-03-28,1,61.84766700520459,9.307839651296948,143
2021-03-29,1,94.84360793967726,2.858925915716277,161
2021-03-30,1,80.82358854499515,2.14295974232578,173
2021-03-31,1,26.97322082641437,2.240651408962593,182
2021-04-01,1,45.6475079471242,2.958233475279779,189
2021-04-02,1,75.55950766092246,8.147117526871817,200
2021-04-03,1,39.78300602434626,2.9248859090056367,203
2021-04-04,1,91.6143249636948,3.491345123281313,207
2021-04-05,1,22.22784124600288,6.952388701886364,229
2021-04-06,1,58.89589061306808,8.97866377595115,235
2021-04-07,1,96.3182099444669,9.783093700967612,251
2021-04-08,1,59.17583158056715,1.777511374423687,256
2021-04-09,1,82.9966550100877,8.926174778212207,271
2021-04-10,1,43.88904987620381,7.913923881111283,276
2021-04-11,1,55.02029538620384,9.491043570354016,279
2021-04-12,1,72.14833961576974,9.784346716086317,288
2021-04-13,1,65.18004636326665,2.775285442990812,301
2021-04-14,1,46.38095802308058,1.963457610385726,311
2021-04-15,1,62.82908228476411,6.311075435024933,329
2021-04-16,1,97.81807297325392,5.8867057404021175,349
2021-04-17,1,46.14358947583316,9.809033251848655,352
2021-04-18,1,86.7817554987317,7.568822259448197,353
2021-04-19,1,30.286497834936394,4.6031212263439,362
2021-04-20,1,53.36184349618471,5.385484502216053,374
2021-04-21,1,24.91912106268932,7.301235260810413,391
2021-04-22,1,25.68812151625906,1.931549480669017,407
2021-04-23,1,30.99050174737157,1.2152008633517308,422
2021-04-24,1,77.80820876096882,5.878174356314804,425
2021-04-25,0,75.93140761193263,8.205445717101762,4
2021-04-26,1,35.531012658759494,7.105153301008315,23
2021-04-27,1,30.05420210136385,6.485703064560301,46
2021-04-28,1,32.431906613545905,9.685679905482512,47
2021-04-29,1,50.48505252362389,3.691958629907913,59
2021-04-30,1,88.39244735586077,9.957228583975708,79
2021-05-01,1,47.73540126688977,4.967097346146442,89
2021-05-02,1,67.96059837784793,7.046004075643286,94
2021-05-03,1,69.48798550632792,8.430586417652266,96
2021-05-04,1,69.98689013466435,1.8334637048161595,102
2021-05-05,1,20.0614489310519,8.762296540404785,107
2021-05-06,1,92.7600683134318,0.3550207866004873,110
2021-05-07,1,90.62170394125924,3.0385347089282,134
2021-05-08,1,49.81567541891514,7.346244785887758,142
2021-05-09,1,78.84253846889281,9.283527569914472,142
2021-05-10,1,72.8577317022058,6.246911521717155,155
2021-05-11,1,84.43983087505762,2.709008355803003,174
2021-05-12,1,56.870242687776994,6.292862565509241,181
2021-05-13,1,37.94700353214965,3.248337470613456,200
2021-05-14,1,52.25327000508655,9.181472567008765,222
2021-05-15,1,70.05868982493745,8.1414045478234,236
2021-05-16,0,22.71194905732932,6.352312423040378,24
2021-05-17,1,72.2603013083031,8.971986270133067,35
2021-05-18,1,65.31706469915898,4.408622490343643,36
2021-05-19,1,22.52407495291355,9.671430596980368,43
2021-05-20,1,94.76089918970555,3.6865763484237046,63
2021-05-21,1,28.95110222068518,8.9802127133402,86
2021-05-22,1,68.23970173638409,6.993896389018113,89
2021-05-23,1,35.43590200872658,4.870300806521111,108
2021-05-24,1,91.77255842825988,1.2230195225594245,119
2021-05-25,1,53.42012968132691,0.5671336218610123,122
2021-05-26,1,52.86943180662821,5.26488035720467,144
2021-05-27,1,38.55038573157859,9.995754567668044,153
2021-05-28,1,47.046254368321584,7.343394726387554,159
2021-05-29,1,55.82053300791854,1.2578139980857894,181
2021-05-30,1,54.85335663876416,6.456748225200434,195
2021-05-31,1,78.05252651151284,5.975866031474761,207
2021-06-01,1,27.377927807917377,7.176142004993594,211
2021-06-02,1,39.705885351544026,9.582976985243008,221
2021-06-03,1,23.46966951258929,0.7333804233702756,224
2021-06-04,1,25.258856218735275,3.456245142464719,237
2021-06-05,1,25.549350990186568,5.98824185077916,254
2021-06-06,1,92.0701728739099,1.116021471711316,255
2021-06-07,1,60.97412594664127,1.621293387868343,265
2021-06-08,1,48.11797860661532,8.880882529709913,286
2021-06-09,1,62.70038563005646,5.044204573893517,303
2021-06-10,1,33.72785912135883,1.6375782510856174,305
2021-06-11,1,97.98565683690516,3.5618493792001606,322
2021-06-12,1,71.66965640124336,5.541618439393282,339
2021-06-13,1,36.20514953693597,2.048045965791517,340
2021-06-14,1,92.56564734532304,4.243864887349737,359
2021-06-15,1,86.4817403269131,7.401347484755901,381
2021-06-16,1,60.96472303395374,3.0405039461130103,403
2021-06-17,1,44.34110135480215,3.2893506282666705,408
2021-06-18,1,88.06741823083088,8.521645650073788,421
2021-06-19,1,92.2415725500178,5.904728401845651,444
2021-06-20,1,82.06221034938031,5.178123049390647,464
2021-06-21,1,55.96945645793323,8.362939373651955,464
2021-06-22,1,69.14381500008213,9.333905709733097,478
2021-06-23,1,23.828670809259247,0.3572491664580146,482
2021-06-24,1,47.45664879980464,0.1852944526784017,490
2021-06-25,1,71.70434428936916,2.0240692203542423,502
2021-06-26,1,91.89252087904916,3.562829427318354,508
2021-06-27,1,49.190762962873336,4.793459664145071,519
2021-06-28,1,68.83003387659673,6.518567321795108,539
2021-06-29,1,47.1884272146811,8.9084997805861,539
2021-06-30,1,41.76331494107454,4.558686823398153,554
2021-07-01,1,79.01585150098902,6.147132540651732,578
2021-07-02,1,88.06004716955502,6.720653682833476,591
2021-07-03,1,31.78252828576128,3.385172214656503,595
2021-07-04,1,90.18629843171512,9.585791361396774,598
2021-07-05,1,40.93832395255617,8.72300164896028,598
2021-07-06,1,65.72898901086367,4.584703229071439,598
2021-07-07,1,82.06972339117883,7.767691487375288,614
2021-07-08,1,32.970211227458385,5.345174747833737,616
2021-07-09,1,86.43355833557078,5.227692070748836,631
2021-07-10,1,58.21595357603186,5.526690540685838,652
2021-07-11,1,55.318676606346806,4.036409705875529,654
2021-07-12,1,82.2211189083277,2.059522641474324,663
2021-07-13,1,36.42933178828098,3.459449744696088,679
2021-07-14,1,28.741812143393943,1.1663057495289164,698
2021-07-15,0,65.56092131093331,0.0502288437703268,5
2021-07-16,1,56.26145749375067,4.471607829893525,5
2021-07-17,1,79.2037371611589,1.949845888767432,5
2021-07-18,0,51.96062197560458,3.957205006215737,8
2021-07-19,1,83.83990572694518,6.482615180925578,31
2021-07-20,1,55.312041544605,9.397800852025483,37
2021-07-21,1,63.30500101273097,8.95031918686927,38
2021-07-22,1,47.11782626858279,1.213292647147283,59
2021-07-23,1,63.71855524550996,9.262645857424848,64
2021-07-24,1,31.44420054428931,3.291680380237134,72
2021-07-25,1,21.09274079009265,4.630706175171225,81
2021-07-26,1,34.30877759261599,8.664685954309824,102
2021-07-27,1,26.20785877303936,7.465139329157996,120
2021-07-28,1,91.87432011160996,9.838786650539888,140
2021-07-29,1,36.45840989633309,6.437762914563678,149
2021-07-30,1,97.74616727637412,6.326817860840662,152
2021-07-31,1,27.884401820322545,5.500358158282667,155
2021-08-01,1,77.19874945908998,6.321363870671678,163
2021-08-02,0,75.83969696486318,0.3407984798964625,4
2021-08-03,1,90.26948482939756,0.638010813618819,13
2021-08-04,1,21.41069678243874,0.2799679751438333,33
2021-08-05,1,72.84444824522879,9.882881693725636,50
2021-08-06,1,84.1161119550459,0.2255658823744721,72
2021-08-07,1,56.093137269457145,3.619262626397174,96
2021-08-08,1,62.56483674244123,3.9040504415625774,100
2021-08-09,1,38.345854258563065,2.6972132821200767,105
2021-08-10,1,49.804087980658345,8.417620522518227,118
2021-08-11,1,40.63501313392904,5.5728519460939445,140
2021-08-12,1,31.948912779789826,7.534279540377994,163
2021-08-13,1,99.36301324577023,5.756872373490007,183
2021-08-14,1,55.40925999012969,8.66512148335931,183
2021-08-15,1,42.12809271602946,3.412628504142288,183
2021-08-16,1,51.16251304953288,5.038535146571382,205
2021-08-17,0,64.85292438395678,9.955800660040254,14
2021-08-18,1,44.08803240886436,2.278004042152595,36
2021-08-19,1,59.52629662214548,3.404791874907596,58
2021-08-20,1,95.25889226707294,0.208573692888897,81
2021-08-21,1,37.5420746237476,2.7746103825983703,94
2021-08-22,1,51.11342513192885,1.8399693796269,98
2021-08-23,1,24.89625236877987,9.726067578324216,107
2021-08-24,1,60.799210477567975,2.502796680591373,114
2021-08-25,1,96.27760221141634,8.75337548428729,127
2021-08-26,1,50.187398559322034,1.4527457852429038,144
2021-08-27,1,68.21452730636689,3.4377836542871942,156
2021-08-28,0,96.04778643305428,1.1676966819766066,9
2021-08-29,1,95.35916399022284,1.5563847377901152,27
2021-08-30,1,42.638669592446455,2.085647303536269,43
2021-08-31,1,79.75221709199633,8.122841990609645,48
2021-09-01,1,95.00664097956638,8.241274032485963,71
2021-09-02,1,39.62218235168009,2.975745086070604,89
2021-09-03,1,78.84889211505673,9.780594649247853,93
2021-09-04,1,87.30057315645102,4.824348603205112,108
2021-09-05,1,69.34576466064723,3.352415239569686,117
2021-09-06,1,78.53834780397793,0.4878396220969405,130
2021-09-07,1,93.02095838776756,7.177210139141895,139
2021-09-08,1,52.67776132704793,0.4450771854245194,145
2021-09-09,1,84.14742436986548,7.039770299564175,152
2021-09-10,1,72.97311127758982,5.24356530685354,171
2021-09-11,1,54.41726773053918,4.446745758298919,184
2021-09-12,1,33.80397860790058,2.087749544783022,197
2021-09-13,1,25.51561698360676,3.4715023832574365,208
2021-09-14,1,92.8920725961249,8.588285051648901,223
2021-09-15,1,50.03028951545679,2.90789839068247,242
2021-09-16,1,54.426740614833655,0.8729144695107316,263
2021-09-17,1,99.83500964364744,4.508671448417547,267
2021-09-18,1,71.25175618051772,4.056176620199464,276
2021-09-19,1,70.3640372389815,0.75830048348551,276
2021-09-20,1,26.051594924179646,8.513244611800946,278
2021-09-21,1,26.335038430649284,0.0351252354788733,287
2021-09-22,1,78.78686802747455,9.108705543075796,293
2021-09-23,1,38.6220329969423,1.231555163522331,315
2021-09-24,1,73.85015284153539,7.355154727562986,327
2021-09-25,1,25.424040785095382,8.497817040946048,330
2021-09-26,1,86.69351265802723,5.66812724819738,339
2021-09-27,1,57.36136337596843,5.922067384602356,361
2021-09-28,1,65.11003157401834,3.3833540009207863,365
2021-09-29,0,99.54560344044918,5.167079074829334,1
2021-09-30,1,26.07938219148712,7.566780883813688,11
2021-10-01,1,24.668913127785697,5.406058506067929,33
2021-10-02,1,59.81057631393328,8.461899498574311,44
2021-10-03,0,40.46761544148967,0.2159390055039234,20
2021-10-04,1,81.26631284300846,1.772453047188398,20
2021-10-05,1,67.79514274588084,8.280774700578947,27
2021-10-06,1,44.57080970158486,1.8884823710016496,27
2021-10-07,1,82.64247110722471,3.6993162104665456,36
2021-10-08,1,64.74061139858586,5.951531527842003,47
2021-10-09,1,50.430067332533625,1.1278729725418823,61
2021-10-10,1,39.87062523515273,3.215774778384141,72
2021-10-11,1,33.1111166560988,5.714469319490746,86
2021-10-12,1,84.40772439726058,8.128334410899548,98
2021-10-13,1,30.528209758939447,5.962473147120861,119
2021-10-14,1,24.409638528918816,8.504667892223695,129
2021-10-15,1,90.9274852654615,0.23418160160109,152
2021-10-16,1,68.94344667264917,1.7486338892370112,157
2021-10-17,1,85.55966254587219,7.927883296044195,177
2021-10-18,1,36.82321714924559,5.319349769582212,191
2021-10-19,1,76.41037118630425,3.4290793897445084,210
2021-10-20,1,85.5815795682332,4.271635246037179,218
2021-10-21,1,75.70686939432588,8.12945446347128,230
2021-10-22,1,65.37504164779722,5.662546280184156,240
2021-10-23,1,42.702536500270895,5.676185574778545,253
2021-10-24,1,81.22799145964007,8.344244903211763,266
2021-10-25,0,20.805413681465524,5.797471229106732,22
2021-10-26,1,29.89725618036968,0.0473572061659977,43
2021-10-27,1,26.0841191765314,5.418504734709724,45
2021-10-28,1,33.957826171897835,8.601194455116849,64
2021-10-29,1,55.24798470318891,5.61398781376894,65
2021-10-30,1,56.438042762106384,2.9231384340168343,74
2021-10-31,1,90.13318039862529,8.350910967002163,80
2021-11-01,1,85.00278730836021,7.752648397971135,80
2021-11-02,1,27.42845021508964,9.777741441258204,86
2021-11-03,1,55.07749496727166,8.430934538411163,99
2021-11-04,1,64.2778171561164,8.397044079413448,114
2021-11-05,1,94.31214232340297,4.252595874074785,119
2021-11-06,1,28.826119023267367,3.2604362750055413,136
2021-11-07,1,92.18482424629956,1.6957870482775217,140
2021-11-08,1,71.53937852871064,1.021251001130539,153
2021-11-09,1,57.61508672663105,1.0756945733583012,154
2021-11-10,1,79.05026894899403,3.759116138559172,169
2021-11-11,1,45.03939997114093,5.331688290375913,182
2021-11-12,1,61.87849505632548,4.9956221687890325,194
2021-11-13,1,59.6370674269118,9.430687211154243,194
2021-11-14,1,77.33246383118035,5.143255189933286,200
2021-11-15,1,51.43092751191918,7.207791287545085,206
2021-11-16,1,53.00006301199407,4.580836439843065,221
2021-11-17,1,68.43641762122662,7.401379785422267,221
2021-11-18,1,92.53437184462284,3.175066304009647,231
2021-11-19,1,41.11058216825203,4.785866269288535,239
2021-11-20,1,70.65635243594839,7.408053462902591,255
2021-11-21,1,67.24551949926044,2.339403674477294,272
2021-11-22,1,27.76204216171103,1.4587719555076106,292
2021-11-23,1,40.698114430500645,2.719685167818071,301
2021-11-24,1,84.17454305752764,0.1079099486509371,311
2021-11-25,0,76.1285224763811,8.272441859541226,17
2021-11-26,1,58.2617841241094,6.236620661519328,27
2021-11-27,1,55.956092315219365,1.6266080562102614,47
2021-11-28,1,43.72049890124372,2.6013726009840643,48
2021-11-29,1,75.40092371290203,9.36944386534937,54
2021-11-30,1,33.62082267267192,8.554594226143703,69
2021-12-01,1,99.1072562933685,1.5763873689524075,81
2021-12-02,1,34.47751497709269,1.202297395847276,103
2021-12-03,1,68.55053192551478,8.521050828875275,115
2021-12-04,1,55.85326515158761,3.307629612903374,122
2021-12-05,1,70.78608460319715,9.40952547882466,144
2021-12-06,1,42.99260264636837,5.811744085282532,166
2021-12-07,1,70.97747215429777,2.2712286359539946,189
2021-12-08,1,80.55478876435157,3.1829344558260564,197
2021-12-09,1,40.06592061070233,0.0624760949789449,205
2021-12-10,1,64.83486686115168,0.6083770518696396,216
2021-12-11,1,32.51218276009615,1.158354129806387,235
2021-12-12,0,24.13937653034928,6.953302785112429,4
2021-12-13,1,41.028310153537134,4.645347474527998,20
2021-12-14,1,34.023817995305244,0.1504223601165266,23
2021-12-15,1,29.413119043627127,7.170961487078768,25
2021-12-16,1,67.7101046594769,7.944421090489301,49
2021-12-17,1,47.222142277505405,4.2536138338450655,62
2021-12-18,1,66.52954382252183,6.103913679239359,71
2021-12-19,1,37.62089567681186,5.651949641118082,84
2021-12-20,1,46.4657813043774,9.63183651966454,90
2021-12-21,1,98.99473532780183,6.295247187482831,108
2021-12-22,1,69.79981849684224,0.6351727017087117,122
2021-12-23,1,76.06959424961724,8.210897584978628,142
2021-12-24,1,45.099928283078526,7.05211608868919,157
2021-12-25,1,62.47698707945002,8.64290230499785,161
2021-12-26,1,79.22019422633868,1.7466807109021951,165
2021-12-27,1,63.56544473851427,5.0305452863619005,176
2021-12-28,1,68.45718766423772,2.6156331610978234,193
2021-12-29,1,52.208415557696135,2.8735844127946564,197
2021-12-30,1,41.67088752422085,8.273264608881417,219
2021-12-31,0,49.05492406502288,8.197960727056861,12
2022-01-01,1,88.65691072114966,0.2784289932524231,24
2022-01-02,1,22.98570595348094,2.660582110514444,43
2022-01-03,1,87.66897754858074,9.314015428861175,57
2022-01-04,1,39.15657880710732,0.656082716505314,60
2022-01-05,1,84.64360088874469,7.044426549279091,77
2022-01-06,1,83.76716173420618,6.31361933310745,88
2022-01-07,1,52.22671482930387,9.008282606294562,92
2022-01-08,1,96.616192767057,5.326235640785939,109
2022-01-09,1,21.91886295186294,2.41297977872272,133
2022-01-10,1,20.057207114443152,7.707785499299874,153
2022-01-11,1,25.417433171286472,3.771983274250512,167
2022-01-12,1,78.89369534335736,5.253431816634931,184
2022-01-13,1,41.63135494979212,9.95538956476726,193
2022-01-14,1,93.0394790935113,1.6038718820506104,210
2022-01-15,1,91.34421118125395,3.610123059553869,234
2022-01-16,1,70.14269586480907,5.636098979516154,256
2022-01-17,1,36.86682598718121,6.118672518125459,266
2022-01-18,1,28.13862636792119,6.132691370666052,287
2022-01-19,1,43.91776125790777,7.119018358028328,300
2022-01-20,1,61.722192315736606,7.054155542485034,306
2022-01-21,1,32.80895903508281,1.482629181288324,314
2022-01-22,1,72.18551216618872,5.052407914244204,324
2022-01-23,1,56.3458370481011,4.522983189649654,343
2022-01-24,1,21.99544331824292,5.268100159373565,360
2022-01-25,1,88.92638339332397,5.172102379974025,372
2022-01-26,1,79.43406083934276,6.0681537010424,372
2022-01-27,1,46.32647888325862,9.873424044233008,389
2022-01-28,1,57.83639314286109,3.896791255931814,408
2022-01-29,1,39.482714293064525,6.133097579808532,417
2022-01-30,1,32.129235056093776,1.5974710855143004,434
2022-01-31,0,51.2145202132228,8.678636368934853,9
2022-02-01,1,70.70514593606816,3.3209131073483045,11
2022-02-02,1,67.69507598807539,5.026150400524136,27
2022-02-03,1,40.199926733400346,6.195911562097241,38
2022-02-04,1,45.385153989882085,3.325181203521174,43
2022-02-05,1,45.1061881214952,1.4456587075870575,59
2022-02-06,1,34.667889221215134,8.36296637097286,73
2022-02-07,1,60.74326552241283,3.1546817147112205,77
2022-02-08,1,22.055456331115124,3.3016420123877444,100
2022-02-09,1,97.25044710948308,2.070185001139432,104
2022-02-10,1,22.02199936707948,2.537492129825349,108
2022-02-11,1,41.60536938629438,8.789998585015343,113
2022-02-12,1,23.63629802789081,9.681646414559829,123
2022-02-13,1,26.257993733457035,5.681698526156078,126
2022-02-14,1,54.1789829925832,1.480053506334732,127
2022-02-15,1,46.59310403566232,1.191636422751737,135
2022-02-16,1,34.189868394006915,0.6489699563731277,138
2022-02-17,1,48.3049601301968,3.226946490176955,138
2022-02-18,1,66.37768304644895,7.244845326402837,160
2022-02-19,1,77.43913752146113,0.1160767503375348,183
2022-02-20,1,34.687340364688325,3.799378218640639,196
2022-02-21,1,78.29691437905669,5.413418917390248,203
2022-02-22,1,46.48575905370536,8.583685397027976,217
2022-02-23,1,31.0111419508172,8.269996712130181,226
2022-02-24,1,79.5261059804696,7.704873551958434,235
2022-02-25,1,61.3822502368774,4.684507285294075,258
2022-02-26,1,84.99077141808172,7.368630899321682,279
2022-02-27,1,60.3681908820991,4.310461089443482,293
2022-02-28,1,94.2685927957298,1.3299816595085725,302
2022-03-01,1,80.55861357605164,9.019946844006434,318
2022-03-02,1,37.77540168139608,6.408722833420772,318
2022-03-03,1,82.37717551370287,8.899288054710745,332
2022-03-04,1,32.2509436596973,8.665222309729852,355
2022-03-05,1,40.62252161961859,6.114949057253993,371
2022-03-06,1,45.059671921526,6.353449172963424,385
2022-03-07,1,92.02124881465672,0.466753523240464,399
2022-03-08,1,50.25247523630717,6.318537843418397,419
2022-03-09,1,52.01980379333258,2.1811885958361152,440
2022-03-10,1,70.1895088064053,7.16894658207644,442
2022-03-11,1,69.5936771914582,5.443786690961253,457
2022-03-12,1,62.38753442276335,6.660938726066712,461
2022-03-13,1,38.01273716141456,4.5072120900239,466
2022-03-14,1,51.1447574549595,1.4501908387797058,484
2022-03-15,1,91.3326271357863,0.8250277260689165,496
2022-03-16,1,23.510713945031814,1.3590771700638138,498
2022-03-17,1,35.61114480313382,6.451219910218842,515
2022-03-18,1,58.32868772954687,7.637690603940418,535
2022-03-19,1,56.63501911072393,2.402440709996667,544
2022-03-20,1,66.10045429697522,5.637280674217387,567
2022-03-21,1,28.219870479606737,7.248146100289588,584
2022-03-22,1,91.87823583917144,4.142882820628218,591
2022-03-23,1,24.52790061024888,1.9888987118971413,602
2022-03-24,1,34.86346491500254,9.406761316007694,604
2022-03-25,1,26.58770805695865,8.707195588926856,613
2022-03-26,1,36.18505470234594,5.432442008983056,615
2022-03-27,1,38.444733324136,1.221988556033986,632
2022-03-28,1,64.70506622031579,4.353267897438676,643
2022-03-29,1,86.0647266378873,9.656884466055091,644
2022-03-30,0,90.34479618609312,8.00987571842062,20
2022-03-31,1,99.86535451470684,8.220112708885809,42
2022-04-01,1,92.2739202165461,8.816182357772224,62
2022-04-02,1,79.04230994716019,4.541787764951487,86
2022-04-03,1,55.66245352056632,9.814181596943929,103
2022-04-04,1,72.42090226328008,8.696656519038559,115
2022-04-05,0,47.77405687761408,9.55844526596105,22
2022-04-06,1,80.09021576263183,7.196648003669587,41
2022-04-07,1,35.244120817061216,6.54984521250194,61
2022-04-08,1,97.09680660960136,4.546022584656411,85
2022-04-09,1,70.8771656014492,5.342587067963507,99
2022-04-10,1,97.08109608748131,1.185923662269763,118
2022-04-11,1,73.91830434792143,2.9531669427781804,135
2022-04-12,1,30.428730858281376,5.0724694471708895,154
2022-04-13,1,80.53112767957808,4.637077672095834,175
2022-04-14,1,58.38756934958474,9.985621486290787,179
2022-04-15,1,65.26751363426449,1.0856395188679446,182
2022-04-16,1,52.31540997054381,8.823310514448105,204
2022-04-17,1,98.78651535151728,0.7739400487487791,213
2022-04-18,1,81.58064805707419,7.122674249672706,231
2022-04-19,1,99.60168586623077,2.1895277970981954,233
2022-04-20,1,57.75074686341105,8.474227694735653,253
2022-04-21,1,20.40995906937283,7.255441523281487,266
2022-04-22,0,85.90359577965651,2.8649060106214352,19
2022-04-23,1,38.38120135174944,9.825951902793712,38
2022-04-24,1,67.56580398751518,0.6268748603157404,39
2022-04-25,1,62.88414961085238,9.993063411228215,58
2022-04-26,1,20.36783301118537,7.904322445084118,74
2022-04-27,1,60.35520235745373,0.6215903754709295,97
2022-04-28,1,50.14213683432186,7.065163328717858,98
2022-04-29,1,27.96616112173222,2.124336861434377,105
2022-04-30,1,32.77557743110654,3.275524409316606,120
2022-05-01,1,79.30266415188441,8.165448636922639,125
2022-05-02,1,33.34754087700453,6.116126956084994,140
2022-05-03,1,85.34353231843524,0.0521828187224882,149
2022-05-04,1,57.00388170519344,4.7857282821259615,154
2022-05-05,1,41.75794156341823,8.7247356490975,172
2022-05-06,1,31.46351289876047,3.8166339479272304,178
2022-05-07,1,21.95701982278101,9.528380626516956,197
2022-05-08,1,41.55335559627007,5.308567688089212,206
2022-05-09,1,48.36000037564661,9.146348070326985,219
2022-05-10,1,98.1683565880881,7.686285197841018,236
2022-05-11,1,49.13970929134943,5.390726149079529,253
2022-05-12,1,78.83297800149323,4.573195576706245,271
2022-05-13,1,31.673320338281428,9.966065020172666,289
2022-05-14,1,80.8924070956589,2.2439905485195712,305
2022-05-15,1,72.15056535927934,8.603837506072786,324
2022-05-16,1,28.342056846547266,4.532578192852289,338
2022-05-17,1,40.57950049578327,8.84789276494873,347
2022-05-18,1,53.371958311806864,8.552126474601337,365
2022-05-19,1,65.27996161666965,1.629012647470418,389
2022-05-20,1,69.06531688737233,1.1704652699587217,393
2022-05-21,1,20.470515056533685,1.0731173236422231,397
2022-05-22,1,78.10397515088695,6.663528574402861,403
2022-05-23,1,39.33530866096873,6.064090318547568,423
2022-05-24,1,35.953005654683565,8.222033955520669,424
2022-05-25,1,93.60237275239596,2.373413649348864,445
2022-05-26,1,39.73665735884837,4.647894835534865,458
2022-05-27,1,35.5287851331304,5.7026294342063,474
2022-05-28,0,97.28138714943758,8.220780538063874,11
2022-05-29,1,65.06272596046384,8.748022119198037,33
2022-05-30,1,57.99490145124856,1.410111092753754,50
2022-05-31,1,41.23693888849535,3.035800318980808,67
2022-06-01,1,48.97735631383001,6.654691791833841,68
2022-06-02,1,96.32462722311844,3.5831950326906883,75
2022-06-03,1,64.41015794389943,5.962618354403749,84
2022-06-04,1,71.63574418421395,9.48512864016694,100
2022-06-05,1,57.74355718208988,4.132709972634371,105
2022-06-06,1,68.35030194589038,7.231849531506825,125
2022-06-07,1,74.02915400451641,6.878414920250241,128
2022-06-08,1,91.9820929231488,1.8346928271040648,128
2022-06-09,1,40.889718366351815,5.01818788745127,152
2022-06-10,1,35.03768049340928,5.699120874432076,163
2022-06-11,1,57.63483196355935,0.3539375064172578,169
2022-06-12,1,20.449498011856537,0.9297984717564044,176
2022-06-13,1,87.5601832378866,2.43835222903063,193
2022-06-14,1,29.20188931517184,7.746329082870008,211
2022-06-15,1,80.04214885014686,2.874201932233833,225
2022-06-16,0,50.65256923333948,5.956682200298227,20
2022-06-17,1,88.86792666001138,8.863932491452305,26
2022-06-18,1,83.66301597888132,7.837059768268668,49
2022-06-19,1,47.51521760278034,2.281997547509673,72
2022-06-20,1,56.03237997560436,9.05046648170503,94
2022-06-21,1,44.78396979874232,7.465782539364678,102
2022-06-22,1,59.64593364214058,6.414729858203518,122
2022-06-23,1,53.61729621661813,4.952289850428113,145
2022-06-24,1,55.38396845376366,1.2776498790110635,169
2022-06-25,1,24.43918107625864,6.821190216424458,189
2022-06-26,1,65.90325291468928,9.87136526672014,207
2022-06-27,1,94.09780223543449,0.6409388672984861,228
2022-06-28,1,76.85187003887324,3.230960664643291,234
2022-06-29,1,29.458156435820342,0.4668382843375951,236
2022-06-30,1,95.5225654604696,7.038561401855242,260
2022-07-01,1,77.40430039614954,2.475963580363395,262
2022-07-02,1,73.03636668084636,7.974434502103045,277
2022-07-03,1,64.18103468595419,2.6397197993852872,286
2022-07-04,1,46.3603228940235,5.394448285482135,304
2022-07-05,1,57.633816694006434,8.371842334028479,309
2022-07-06,1,20.20259261912984,2.055118211385184,327
2022-07-07,1,75.89300887198563,6.865871542117159,342
2022-07-08,1,37.19941809370418,9.905685371609076,343
2022-07-09,1,58.81816401449916,2.4844580146560755,361
2022-07-10,1,91.88042143936214,0.3143187038917761,374
2022-07-11,0,24.530655425277548,7.335272213525434,23
2022-07-12,1,80.44733125309286,0.550070021656992,35
2022-07-13,1,77.32205865955349,8.001247361958537,57
2022-07-14,1,58.06145907272962,0.7477642267074813,58
2022-07-15,1,45.14831721299387,6.2684883535610325,72
2022-07-16,1,85.0409449260816,5.416665790338648,86
2022-07-17,1,74.71329757041873,8.204266187293133,106
2022-07-18,1,46.4042527855349,9.20016247546241,117
2022-07-19,1,51.03768602586853,7.524064859644831,125
2022-07-20,1,79.4352178520931,1.6697982683215673,142
2022-07-21,1,46.230558164674605,4.208552719081134,153
2022-07-22,1,75.73859865898302,4.858959686352855,170
2022-07-23,1,75.9445102655701,7.537815195795422,185
2022-07-24,1,81.51069127146478,6.051452108126043,206
2022-07-25,1,36.160528498914815,4.453000129259465,224
2022-07-26,1,30.310193291300127,8.725988248317517,240
2022-07-27,1,95.96301048048952,7.954490125223463,259
2022-07-28,1,32.10626141280578,9.65275837147015,264
2022-07-29,1,73.49220005486336,0.4339228882406187,280
2022-07-30,1,37.82892380572344,0.634479587533977,301
2022-07-31,1,93.50272349169587,7.444321438527802,307
2022-08-01,0,93.97901351561572,2.3346962972882848,20
2022-08-02,1,40.63165625615993,9.3814516762382,27
2022-08-03,1,81.34278085148543,1.4938866227473602,44
2022-08-04,1,91.63568943677735,6.733729661317621,53
2022-08-05,1,56.71918805736801,9.774772088541742,68
2022-08-06,1,29.11596273056797,7.19714693482995,90
2022-08-07,1,79.1338416159594,4.399076025420271,103
2022-08-08,1,90.5110328129828,9.386094212562972,118
2022-08-09,1,48.06035096431402,6.302079380213341,128
2022-08-10,1,26.92084937439767,8.996237706117755,138
2022-08-11,1,39.08707151332698,5.136014606673638,155
2022-08-12,1,94.18114086839712,3.2089162862674203,155
2022-08-13,1,90.17187051885188,0.434213765561251,160
2022-08-14,1,22.56867173276179,1.5951734627227363,161
2022-08-15,1,35.04832300542927,5.3207438932804285,163
2022-08-16,1,82.60457537543094,2.287338184258644,174
2022-08-17,1,87.79737461594428,4.575720965166509,179
2022-08-18,1,77.48399897932899,9.643642371602567,194
2022-08-19,1,21.029712007448182,8.977288250287355,195
2022-08-20,1,89.58560278776157,9.593795018899828,206
2022-08-21,1,65.7494443695812,0.5144102944518025,207
2022-08-22,1,85.25740423158558,1.2823516388540346,225
2022-08-23,1,26.351112382486825,0.5493593544634234,237
2022-08-24,1,52.727604282861805,8.651567845012156,255
2022-08-25,1,78.52793508181622,9.974067403432349,263
2022-08-26,0,43.05254199920058,0.406487233907381,3
2022-08-27,1,72.0405397607722,9.418594742501869,3
2022-08-28,1,70.75647939308735,0.9667062159876738,22
2022-08-29,1,83.41563707244762,9.894239197592006,38
2022-08-30,1,36.55832529536953,0.8544794406867662,52
2022-08-31,1,35.53536138920187,7.54855320018899,53
2022-09-01,1,72.73514504793404,5.2486394239003005,54
2022-09-02,0,87.00075600269018,5.446737135300058,2
2022-09-03,1,91.43104060879848,5.482364441684117,25
2022-09-04,1,46.56546841870952,6.458318597329478,32
2022-09-05,1,43.43412928598224,7.67249781442743,46
2022-09-06,1,80.25215949299294,1.3763791939869765,70
2022-09-07,1,84.83592043759414,2.161758057068297,86
2022-09-08,1,77.09341901413964,4.6415571941850935,95
2022-09-09,1,75.30729138315847,9.945536337123905,101
2022-09-10,1,59.77675946866776,8.40780045214079,105
2022-09-11,1,75.6150680325591,4.309731432127853,127
2022-09-12,1,43.22649764921457,2.47768179497452,147
2022-09-13,1,32.78765580023301,1.4577405930506038,166
2022-09-14,1,84.51415218426456,9.995978791703848,176
2022-09-15,1,61.27964160699116,3.858036621224581,178
2022-09-16,1,38.34787628604488,2.081299722879323,186
2022-09-17,1,64.26022240259127,3.2825049027589506,193
2022-09-18,1,51.24811510230229,9.559750314090248,199
2022-09-19,0,38.291235106873856,2.617827145221693,6
2022-09-20,1,37.71177166066734,7.682191076304422,13
2022-09-21,1,68.84547027965526,7.741563020975501,20
2022-09-22,0,64.36239998016117,4.569877714174355,4
2022-09-23,1,62.28511088045246,7.997597450438214,19
2022-09-24,1,41.936793024042906,4.840594267172497,19
2022-09-25,1,82.9813374876654,2.949871479268245,26
2022-09-26,1,84.67427999248062,8.57297279734208,41
2022-09-27,1,72.31484660915129,3.814099885604305,50
2022-09-28,1,66.52381712371707,4.30113244886789,56
2022-09-29,1,58.91808980110345,5.58798265789373,79
2022-09-30,1,70.5800894884452,7.839800631268209,101
2022-10-01,1,80.63654355819385,1.626871696906825,101
2022-10-02,1,78.06068917302125,6.334772918543238,116
2022-10-03,1,91.40290843012976,0.3402615419202071,117
2022-10-04,1,98.17076312765644,5.0453776378201525,132
2022-10-05,1,77.76364563661573,7.235942463782826,134
2022-10-06,1,44.70010196981417,4.1374213749166096,143
2022-10-07,1,84.74423430059433,4.395722087175572,165
2022-10-08,1,64.07349089502583,3.998022592482328,189
2022-10-09,1,87.13432072400586,0.7638397622600845,191
2022-10-10,1,91.33353199048348,9.38580297063953,206
2022-10-11,1,44.4986642637733,2.6550122888791416,215
2022-10-12,0,65.6403643439364,7.419522615905701,22
2022-10-13,1,99.31038852313846,4.061969895093514,30
2022-10-14,1,88.5696802487199,1.092733477662381,37
2022-10-15,1,80.99451893690409,4.867748971330828,37
2022-10-16,1,45.97628386596877,2.663826941414343,55
2022-10-17,1,71.82416865539659,9.841380494520148,75
2022-10-18,1,95.50608401185346,0.1674460546415235,90
2022-10-19,1,68.90941551156394,7.573276786681249,95
2022-10-20,1,98.29673455172298,8.110039813696535,111
2022-10-21,1,88.5158000418021,2.659911823830523,113
2022-10-22,1,30.6255972449032,0.1796309613211277,129
2022-10-23,1,51.32634311257519,6.444896369995519,142
2022-10-24,1,39.72987794270872,6.939287950585681,150
2022-10-25,0,42.22132650435597,9.20562919765031,19
2022-10-26,1,85.33743182476522,3.577070086102707,22
2022-10-27,1,76.79635057773591,1.6771670175742293,25
2022-10-28,1,75.04926873880727,8.408857102442486,48
2022-10-29,1,52.2469356052889,7.463665135284367,66
2022-10-30,1,78.26563727713105,4.724869371044809,87
2022-10-31,1,67.58440101873025,3.8108635317396535,105
2022-11-01,1,87.04998071044422,1.8879795320938697,110
2022-11-02,1,90.1377826772142,8.800776961766537,122
2022-11-03,1,50.4809732082672,3.2677599970219795,126
2022-11-04,1,64.81639117693915,8.133400778090262,148
2022-11-05,1,22.271825791911475,0.8689748930569985,166
2022-11-06,1,40.29126468229343,0.6949911636060591,178
2022-11-07,1,20.748042263906825,0.4584028632049153,191
2022-11-08,1,25.304582759711938,8.82204453824506,208
2022-11-09,1,42.57250123477058,0.8941286385398628,232
2022-11-10,1,69.282938095579,8.234854627670066,241
2022-11-11,1,52.1754263529408,5.415795510632483,253
2022-11-12,0,60.15580508722423,5.865377308777483,8
2022-11-13,1,75.38186378762734,2.875560880933841,17
2022-11-14,1,37.61766457631644,1.2649237767485066,28
2022-11-15,1,70.91874341852767,6.812486498516286,31
2022-11-16,1,30.14953516270268,9.485563138407144,49
2022-11-17,1,64.13330683656477,0.6024716970406774,50
2022-11-18,1,87.45662664865398,7.298597159119996,72
2022-11-19,1,60.706070327202106,4.354317428213202,83
2022-11-20,1,89.30957799112218,0.2681542181359009,94
2022-11-21,1,54.9005285078093,0.9422156307825992,106
2022-11-22,1,72.38141148075908,7.292254230163463,121
2022-11-23,1,70.00432590018941,4.609384347661651,135
2022-11-24,1,97.8029837362824,4.581868439315917,140
2022-11-25,1,30.90942739678501,3.515125713897258,155
2022-11-26,1,66.44054123058459,2.3644600423718884,169
2022-11-27,1,64.99855270539378,3.8709082182333256,171
2022-11-28,1,24.77003471337413,5.254655613985388,185
2022-11-29,1,89.89009725123407,5.851584459729359,209
2022-11-30,0,69.91256239895705,7.63368236753495,1
2022-12-01,1,20.56289857725653,0.1081523436246567,10
2022-12-02,1,50.87026793702566,9.368220934332976,15
2022-12-03,1,46.61763310732785,5.670664948079567,35
2022-12-04,1,61.114699271575205,3.640655298657024,36
2022-12-05,1,86.60333152703947,4.7326315900054805,58
2022-12-06,1,57.05671243352348,8.026491885801468,81
2022-12-07,1,75.67549730567818,5.73068324725933,92
2022-12-08,1,44.75058565487683,6.94365961704646,94
2022-12-09,1,79.67956088209817,4.174785180487266,102
2022-12-10,1,52.315697276510974,7.094737529502179,118
2022-12-11,1,76.16142255429745,3.4809388886000283,136
2022-12-12,1,88.06087056279934,2.123732857252304,153
2022-12-13,1,31.41512578629464,3.617395068740845,174
2022-12-14,1,46.25024256817696,4.662471944957952,186
2022-12-15,1,39.53864404653778,9.20229195822744,210
2022-12-16,0,24.60292418329216,8.359839163427871,24
2022-12-17,1,21.04225040848792,4.016625067838369,27
2022-12-18,1,21.20329904372444,8.228944515141917,47
2022-12-19,1,94.07602712327048,5.299971934571524,58
2022-12-20,1,70.91876559798342,9.71679967350427,71
2022-12-21,1,48.52878424673149,3.812069475210608,89
2022-12-22,1,88.23919852270694,8.880737609139183,106
2022-12-23,1,22.72894410842752,0.4464561471020822,125
2022-12-24,0,75.10687604897987,7.356370773348147,5
2022-12-25,1,57.15404855999999,2.2708026177684246,12
2022-12-26,1,49.69953718618132,0.0621204495140081,14
2022-12-27,1,27.44203136884796,2.5159980704541884,38
2022-12-28,1,26.783137407546064,0.7821789112949273,41
2022-12-29,1,20.5607060216225,7.206354706010645,50
2022-12-30,1,73.2835518278907,5.194451962815474,58
2022-12-31,1,59.135684997571936,1.5929226520534234,80
2023-01-01,1,98.1837199410148,1.5024004171294658,82
2023-01-02,1,81.3505827016269,4.24064079777413,88
2023-01-03,1,64.44501645662454,0.4763661165380506,97
2023-01-04,1,37.9301857938863,8.085719594581981,97
2023-01-05,1,34.157634637183776,1.352812334784912,100
2023-01-06,1,23.329363290527567,1.2379614536922612,124
2023-01-07,1,76.19497481237306,3.950571290358704,145
2023-01-08,1,69.44377149331774,2.1939260408245307,145
2023-01-09,1,72.15056924899812,0.2847885962554941,158
2023-01-10,1,84.77726115452428,2.919388722715557,173
2023-01-11,1,59.65266560277257,1.4052281180865678,185
2023-01-12,1,75.78233376855307,5.444738177840027,204
2023-01-13,1,30.754960607982767,8.958192314578465,214
2023-01-14,1,69.6104364875569,4.738799694014878,227
2023-01-15,1,39.49894277625228,7.065277802970423,249
2023-01-16,1,82.71804875381265,0.7003137586544272,252
2023-01-17,1,70.42976367411967,4.836216200236518,266
2023-01-18,1,48.50680557762159,8.047051926488765,271
2023-01-19,1,29.469223407430817,7.376704983945165,291
2023-01-20,1,43.4439647048535,7.319177604112826,291
2023-01-21,1,60.47295405828572,0.7563504935608789,308
2023-01-22,1,40.58374210964604,1.3910805617476008,317
2023-01-23,1,67.35765584991852,7.750609185344105,328
2023-01-24,1,52.72652040936781,5.373855357523867,350
2023-01-25,1,70.99835889287635,4.739706525907543,359
2023-01-26,0,95.27470575748453,5.199688012307057,19
2023-01-27,1,56.05415592096737,3.0605118084415017,42
2023-01-28,1,64.74226862615308,9.741698205570222,45
2023-01-29,1,71.609739565853,9.763184381758045,67
2023-01-30,1,21.46564862753123,6.436695859745928,83
2023-01-31,0,93.92058640120396,7.743282575523303,5
2023-02-01,1,80.60491187409508,4.187493588644594,13
2023-02-02,1,66.65036423366885,7.082871224541152,24
2023-02-03,1,98.06240718382084,9.239236223810853,48
2023-02-04,1,64.40480521650642,8.65252356025083,69
2023-02-05,1,62.41371312276031,5.800029111572078,80
2023-02-06,1,70.09094341073288,6.933848753656391,84
2023-02-07,1,90.64969603221871,7.641448300767037,98
2023-02-08,1,31.80097853328224,0.966700834604497,108
2023-02-09,1,70.61970795970225,5.365498908668941,115
2023-02-10,1,77.89341910958785,1.537415166655095,116
2023-02-11,1,85.47828954007139,2.257208588055435,138
2023-02-12,1,31.28292811184132,9.39868897431862,143
2023-02-13,1,37.27766980677085,6.307891565007498,147
2023-02-14,1,87.94597208476043,1.5578901723927083,152
2023-02-15,1,49.87767812150711,6.793583654906387,162
2023-02-16,1,84.48971563719068,6.053095697225029,174
2023-02-17,1,25.74515038127977,3.944740431382413,174
2023-02-18,1,76.73128816896758,3.048035260764146,180
2023-02-19,1,32.66697723711043,6.967200213306937,204
2023-02-20,1,30.4999852769186,0.8228451993342079,209
2023-02-21,0,89.80189120819243,4.870548702608025,16
2023-02-22,1,22.17616875259496,3.0610502101115333,32
2023-02-23,1,50.60756335879628,5.151146850850493,37
2023-02-24,1,89.54987786789431,1.69784224165617,58
2023-02-25,1,99.33254710037464,1.936117974488054,75
2023-02-26,1,83.13080640232397,0.7489313234537731,92
2023-02-27,1,88.38891466691969,9.760069676215942,98
2023-02-28,1,47.544111981133184,5.23674584684672,101
2023-03-01,1,46.172368411684026,9.979544565990755,106
2023-03-02,1,79.1189055312179,8.854957997194232,117
2023-03-03,1,85.22241542848009,1.6109713676989,138
2023-03-04,1,58.455353814731794,4.047335171031346,158
2023-03-05,1,23.280433807527736,0.1933803248350762,163
2023-03-06,1,63.55994169458861,0.4381444119310562,176
2023-03-07,1,26.902708677587064,8.828485464894593,190
2023-03-08,1,25.67310933130117,9.574435176488484,201
2023-03-09,1,50.19215867451197,7.734852970703657,219
2023-03-10,1,54.8123335949797,5.315495893708775,237
2023-03-11,1,77.1685559888898,5.691125282682032,255
2023-03-12,1,38.73011801051483,4.504483821987452,262
2023-03-13,1,25.453758246276827,6.83871815335901,264
2023-03-14,1,76.61495972921765,1.2689082056816414,265
2023-03-15,1,64.00464133264961,2.394928995382797,285
2023-03-16,1,56.1836303196403,2.2337947517291576,309
2023-03-17,1,34.988607410430326,0.2739277846985466,313
2023-03-18,1,32.11617060205056,8.709021037411384,320
2023-03-19,1,27.03728786595364,4.08671064945398,326
2023-03-20,1,61.26390134705319,5.211561614820067,350
2023-03-21,1,74.87907840211724,6.391753350090346,366
2023-03-22,1,75.56965702800184,9.395362489254786,377
2023-03-23,1,54.021150342033735,1.417313822804387,386
2023-03-24,1,38.725672277640406,6.183329483779511,406
2023-03-25,1,24.585590011151304,6.60380581289652,408
2023-03-26,1,65.05166442783093,0.4745513777215393,415
2023-03-27,1,74.42280042741652,5.674181113572134,432
2023-03-28,1,91.98610482548224,3.519987173538208,442
2023-03-29,1,59.66468418093395,4.342947508161821,458
2023-03-30,1,57.356430956272185,6.898962587610007,465
2023-03-31,0,65.52064549018093,7.401157629564846,14
2023-04-01,1,49.523117695578605,5.65371472228828,24
2023-04-02,1,36.97542532877512,1.7317430605453388,33
2023-04-03,1,81.43748089014065,0.7175342317314226,34
2023-04-04,1,66.06015071138934,5.50494163334406,58
2023-04-05,1,98.34177022006504,3.6417979734897954,78
2023-04-06,1,48.16807999661671,7.191550917374832,98
2023-04-07,1,20.980408841506424,5.02026097226101,105
2023-04-08,0,85.99381206117064,6.294936505300074,0
2023-04-09,1,67.67827640703865,4.805642154145672,15
2023-04-10,1,92.18968557830826,0.5591809272306991,15
2023-04-11,1,23.554935705205065,0.5282689620525927,21
2023-04-12,1,48.7376033941841,1.8352240436294431,27
2023-04-13,1,97.69527373287274,8.27640316203103,31
2023-04-14,1,42.43471386221941,0.5800572413541916,52
2023-04-15,1,21.319257650395222,9.89515734200069,52
2023-04-16,1,79.59654373704353,0.2449224205732314,68
2023-04-17,1,28.084463258512457,1.863297004948764,79
2023-04-18,1,86.45224961116024,4.986950619802299,101
2023-04-19,1,90.79639856665872,6.091527589532294,115
2023-04-20,1,38.097570837098935,1.782393125679833,118
2023-04-21,1,43.25011437873842,8.179807176592975,122
2023-04-22,1,85.42110522471553,0.3007552712605954,122
2023-04-23,1,77.54641700761182,6.6448504930330206,146
2023-04-24,1,58.25683734431715,5.966116156868047,156
2023-04-25,0,41.919571010595405,1.3841443341837212,2
2023-04-26,1,62.79134579857869,8.000543967995949,16
2023-04-27,1,92.16034284570954,4.200127218322416,27
2023-04-28,1,49.43779725892996,3.760721078485465,37
2023-04-29,1,43.35033848726795,6.032467690936292,60
2023-04-30,1,59.775181030702704,4.878610333309408,84
2023-05-01,1,85.92883319250491,1.3400780916204025,104
2023-05-02,1,36.26307345541662,3.0954243294052173,112
2023-05-03,1,62.27061699573156,4.950700256887558,131
2023-05-04,1,30.64971254528261,5.106417507907192,150
2023-05-05,1,54.52090869947397,1.8376275251741392,171
2023-05-06,1,51.82682121914291,5.664040540734038,190
2023-05-07,1,25.934936311155727,2.706976816409714,203
2023-05-08,1,59.40519370910828,1.67330345597146,226
2023-05-09,1,95.62252806055416,4.100776862975483,226
2023-05-10,1,71.06732852010936,3.1818639659954497,245
2023-05-11,1,21.450401345398884,4.105755499719519,249
2023-05-12,1,57.635843481314566,6.608714956476325,262
2023-05-13,1,57.2256413188974,6.373173282429838,282
2023-05-14,0,20.609319693196014,4.391652685520951,24
2023-05-15,1,55.1281998998656,5.51295122113669,44
2023-05-16,1,59.91736985078351,0.7688063434377934,59
2023-05-17,1,35.43785966073601,5.54901297912185,72
2023-05-18,1,83.49649427599162,6.635778284877604,76
2023-05-19,1,88.14568041154068,5.95222026409278,91
2023-05-20,1,98.81715878322024,9.593188745403856,95
2023-05-21,1,87.72145718284898,8.458015218670301,119
2023-05-22,1,79.84784996881842,6.413018980247368,134
2023-05-23,1,20.3156414843746,3.860593205141521,142
2023-05-24,1,95.577079510997,8.457606182198994,142
2023-05-25,1,43.53241320048699,9.195254130660128,153
2023-05-26,1,29.889074402138203,9.731372929693713,176
2023-05-27,1,97.0405478043244,2.76170446398041,196
2023-05-28,1,80.55658920373297,2.87414151987335,204
2023-05-29,1,38.35814190506811,6.682304897514927,223
2023-05-30,1,52.01578977353799,9.912585229571828,230
2023-05-31,1,39.003130594750886,4.349940100533431,247
2023-06-01,1,85.54015582941186,9.881501733130452,271
2023-06-02,1,23.69866307134032,6.446523634527155,287
2023-06-03,1,57.38876947656732,8.023490017344136,302
2023-06-04,1,73.69411324422944,3.4174161673194936,322
2023-06-05,1,85.57607242228188,7.800115567622683,324
2023-06-06,1,33.76404492834827,1.6819681129738284,339
2023-06-07,1,45.4812710372732,3.599880923809089,344
2023-06-08,1,48.50583283874859,0.8221657439340857,368
2023-06-09,1,98.88593330386048,7.026073659681781,375
2023-06-10,1,65.52110365868549,9.345597513218522,393
2023-06-11,1,62.62462812132447,9.30540058083442,398
2023-06-12,1,33.52625054610753,7.708712099769325,411
2023-06-13,1,82.47241629679354,9.419255044037868,421
2023-06-14,1,60.341818644401386,9.311331037532824,436
2023-06-15,1,36.10914153399251,5.068096932540444,442
2023-06-16,1,67.08172880397379,6.7050360854016855,449
2023-06-17,1,28.187041323349185,4.47340021393737,451
2023-06-18,1,80.46541244204182,0.2773330612775715,465
2023-06-19,1,98.82010075616358,4.182207905868548,475
2023-06-20,1,21.80769618370281,9.498492216887453,479
2023-06-21,1,49.98353036666895,9.581827164331647,496
2023-06-22,1,44.63850618327098,2.566913940231795,497
2023-06-23,1,83.42914962435103,4.51275159544251,503
2023-06-24,1,53.38919380239904,6.23075854336061,511
2023-06-25,1,82.38804215217786,2.6238020382047544,532
2023-06-26,1,77.38356896793373,0.4975457060471544,536
2023-06-27,1,21.278568554580684,0.1148892602531936,554
2023-06-28,1,97.98094262719133,0.4026337081816356,573
2023-06-29,1,26.600200142442453,4.95730044560535,594
2023-06-30,1,53.73478326248728,7.748221161035682,601
2023-07-01,1,71.69347886670228,4.191005996749546,620
2023-07-02,0,81.79421511837427,5.124332337332264,17
2023-07-03,1,21.85713168982008,9.413597851180684,23
2023-07-04,1,90.95175033061528,3.2847284677907185,26
2023-07-05,1,49.2089123651656,8.189658272545822,50
2023-07-06,1,89.0262556011851,8.24886820866504,63
2023-07-07,1,35.34845876827085,2.8889134182795795,84
2023-07-08,1,99.00313939487415,3.5127093045938143,96
2023-07-09,1,61.31489525882057,0.4539414819646981,119
2023-07-10,1,44.269890271692006,5.923797068763975,142
2023-07-11,1,83.1837681870573,2.808327312201248,153
2023-07-12,1,66.32197615157287,0.7598580317119485,161
2023-07-13,1,96.75600268536977,5.103534247385215,164
2023-07-14,1,43.22559335033346,5.745008061602219,165
2023-07-15,1,32.976306958133165,8.426531762887716,188
2023-07-16,1,32.11602585459066,4.602822158764292,204
2023-07-17,1,41.59197649728053,3.938524013404956,224
2023-07-18,1,43.34778964671272,6.215164993899849,240
2023-07-19,1,68.89574974413202,1.4841944587026423,251
2023-07-20,1,30.570971032863888,3.003422825978012,253
2023-07-21,1,22.353929392425336,2.8828571096547884,269
2023-07-22,1,79.49473110578563,6.773615592359831,292
2023-07-23,1,95.198621228757,2.8127840987400243,301
2023-07-24,0,41.59831045618394,3.753129393786405,10
2023-07-25,1,64.8623745520962,0.2577571134336143,27
2023-07-26,1,89.49150288979025,2.0483288804295743,40
2023-07-27,1,49.976706159428296,8.96364950341491,52
2023-07-28,1,28.939247352430662,3.839953222060674,57
2023-07-29,1,61.07260870195592,7.011507932824498,74
2023-07-30,1,99.03449616312392,9.307458388290504,89
2023-07-31,1,84.32000780155866,5.743699013379729,99
2023-08-01,1,98.0422828200771,6.13999764102544,121
2023-08-02,1,23.628685382100823,2.2739998400951213,124
2023-08-03,1,80.6626971686249,3.6409578335326143,139
2023-08-04,0,31.26775453101456,1.347222609080917,13
2023-08-05,1,72.60958048507126,5.767528397862511,29
2023-08-06,1,44.84777659502397,4.071561581670162,29
2023-08-07,0,46.44495355914991,5.174096254085953,23
2023-08-08,1,25.781498905643385,5.7872922323886025,46
2023-08-09,1,30.93257837774768,2.083914156794978,53
2023-08-10,1,32.30500480604946,5.939972965331377,55
2023-08-11,1,42.859267998069896,1.4191970954342348,77
2023-08-12,1,39.23213201844313,6.209884836747545,101
2023-08-13,1,56.7948102129846,7.417599281357942,121
2023-08-14,1,81.3559574778957,7.937507121008549,142
2023-08-15,1,74.84447450695947,9.354112824136166,166
2023-08-16,1,75.94515404694945,1.4486962813856952,172
2023-08-17,1,88.20948481152206,9.85531222685182,196
2023-08-18,1,27.78275474779464,3.472754580441173,208
2023-08-19,1,35.411271305992244,9.116794704753438,228
2023-08-20,1,49.61725387215576,2.81696963658546,241
2023-08-21,1,74.36404438077065,3.4856669480653024,263
2023-08-22,1,33.78655835076528,6.982540922964957,285
2023-08-23,1,40.38157212144233,9.063345530027489,304
2023-08-24,1,61.79723875469566,4.45888214817904,311
2023-08-25,1,67.0680719882301,2.0556548674106754,329
2023-08-26,0,33.83594998899533,2.7304973596235724,23
2023-08-27,1,81.96813992442047,3.766369741752038,32
2023-08-28,1,99.47991189818288,8.230849842831086,43
2023-08-29,1,28.564225668453016,3.958915287663979,67
2023-08-30,1,78.30461388585724,4.442663379302434,70
2023-08-31,1,45.804727940225405,8.776794700257987,86
2023-09-01,1,61.1236122262589,0.3020268863535991,92
2023-09-02,0,45.91254862528408,8.267884160857154,21
2023-09-03,1,32.90240558380841,9.191225830306944,37
2023-09-04,1,31.96816526762559,1.8988080580436084,48
2023-09-05,1,43.78559943851349,4.359762317013132,48
2023-09-06,1,69.48422345906464,0.934665116149439,65
2023-09-07,1,83.89265822366612,7.431270352468266,84
2023-09-08,1,94.83707027886808,4.198238996072046,95
2023-09-09,1,95.42512936721135,9.254005255735937,102
2023-09-10,1,79.71152801550016,1.1249447879394237,107
2023-09-11,1,80.7765698427346,2.572616014993624,121
2023-09-12,1,78.85337846096807,0.7585105090365762,145
2023-09-13,1,68.75860775838834,2.305889525181548,162
2023-09-14,1,40.43636152341225,7.007539462067771,168
2023-09-15,1,59.95009242411325,7.839134982314004,190
2023-09-16,0,71.63657971108049,0.2029183388195043,22
2023-09-17,1,74.09789085744785,7.400100672357976,36
2023-09-18,1,64.47118036150309,3.674625801246737,53
2023-09-19,1,63.21470961243372,7.484130565012077,66
2023-09-20,1,65.42050542689333,9.03502279975194,74
2023-09-21,1,54.7994245683103,4.446744780173921,76
2023-09-22,1,91.21839351293146,3.100426988019657,89
2023-09-23,1,21.99924301201972,6.878160052750053,89
2023-09-24,1,21.12075314615577,4.031697160519268,96
2023-09-25,1,68.25977436227812,1.1377601403651327,119
2023-09-26,1,57.02858036635166,1.061778675759374,125
2023-09-27,1,26.06376910669257,5.640292484646289,144
2023-09-28,1,68.62935166547204,3.797385558922344,167
2023-09-29,1,74.84161692357868,5.286095582743905,181
2023-09-30,1,23.39239514358793,7.77604804761882,203
2023-10-01,1,98.51541563195909,6.661632646048946,224
2023-10-02,1,20.158677543093777,6.238883779616517,230
2023-10-03,1,67.14892263301816,2.7594536173508546,245
2023-10-04,1,30.195052790755792,3.805475800381792,245
2023-10-05,1,63.53131894760487,9.440178345010477,252
2023-10-06,1,89.51178637297288,0.8594602307387578,256
2023-10-07,1,89.23978714466371,5.470654896747858,266
2023-10-08,1,49.10177017258212,4.265084461730536,277
2023-10-09,1,84.35837625077181,8.06701139989791,297
2023-10-10,1,50.7906132336127,8.427965771852719,319
2023-10-11,1,74.48600372476022,3.790760847423938,343
2023-10-12,1,66.55495271377968,0.2053106032292984,363
2023-10-13,1,49.9870928150289,7.00619561021547,366
2023-10-14,1,62.65922226153968,6.571153404204589,369
2023-10-15,1,67.36672253279518,1.4764319129839245,384
2023-10-16,1,38.81121627217222,3.283108946661772,397
2023-10-17,1,51.24324226979131,6.324899166688816,402
2023-10-18,1,39.33656035438055,5.04701287718083,412
2023-10-19,1,94.83614945355416,5.120264797859845,429
2023-10-20,1,64.94354543845328,1.4186520885675646,435
2023-10-21,1,28.459131601034365,3.4369727298358543,457
2023-10-22,1,33.857259704579185,9.730504208473253,461
2023-10-23,1,29.91769991345615,4.225094521847356,484
2023-10-24,1,51.29309451427876,6.8225317731590245,497
2023-10-25,1,44.53531368557017,0.0318683600606828,520
2023-10-26,1,59.8428459063393,9.47948976927036,523
2023-10-27,1,26.06892625009544,2.472403914033832,544
2023-10-28,1,95.25794175227588,2.844670485855798,545
2023-10-29,1,76.24381200974378,8.810579488438643,554
2023-10-30,1,89.49846156238988,8.183545816535112,574
2023-10-31,1,36.24134685849221,3.952952778483617,578
2023-11-01,1,23.80569695598527,9.94417621559406,579
2023-11-02,1,43.19409415351763,6.62002981220847,590
2023-11-03,1,44.19131259138244,2.4689590754864863,597
2023-11-04,1,42.19847168379846,5.895090002660078,620
2023-11-05,1,63.68625610791038,2.8087863766976886,638
2023-11-06,1,32.14605220825918,3.3954463672389643,656
2023-11-07,1,79.99871061556419,7.520516530688871,662
2023-11-08,1,90.7791372135078,3.5012643273628896,677
2023-11-09,1,22.3513057631056,1.7815548132971804,697
2023-11-10,1,44.10028896106613,9.185386780156811,709
2023-11-11,1,80.73270325410493,0.2950912298948638,722
2023-11-12,1,59.54477775504103,1.5444338066105456,745
2023-11-13,1,60.51372592809192,9.343307071499938,763
2023-11-14,1,72.05385033075842,4.7403534306421165,771
2023-11-15,1,28.34563729357249,8.63203964036097,794
2023-11-16,1,60.044222139752,4.778394305964113,804
2023-11-17,1,87.45153020534559,4.213191807991535,818
2023-11-18,1,81.92702951251704,5.939339412481774,821
2023-11-19,1,37.22020109474325,6.781886751052105,839
2023-11-20,1,92.67800898663894,8.395034322846056,858
2023-11-21,1,94.5602142090022,1.933891050957034,859
2023-11-22,1,22.859208175174235,9.22060983961711,879
2023-11-23,1,74.66930126558805,8.13522107999484,900
2023-11-24,1,66.7264475799615,3.29143004590702,924
2023-11-25,1,55.17859749931269,2.891408447084679,938
2023-11-26,1,39.5659986094352,7.34871117755918,950
2023-11-27,1,83.07205244989001,5.296852021050038,960
2023-11-28,1,62.93579456988829,7.912481954780416,970
2023-11-29,1,28.527432334267395,1.971156191655529,970
2023-11-30,1,28.65877667606604,5.365368326600128,988
2023-12-01,1,98.71329900958128,0.1330428595596788,1005
2023-12-02,1,62.94962392456719,2.3248004881120687,1024
2023-12-03,1,40.44250775234758,1.2288060923315602,1044
2023-12-04,1,93.82032451739454,0.8341739311144836,1061
2023-12-05,1,51.90927878399981,4.999106358841657,1073
2023-12-06,1,82.88578060334711,8.15870688546331,1095
2023-12-07,1,94.7471568527024,1.0793778792488795,1107
2023-12-08,1,45.723261352906206,4.561938718477555,1110
2023-12-09,1,48.57979598582028,1.2230872503320134,1113
2023-12-10,1,56.59124675163481,6.464368613395318,1123
2023-12-11,1,38.59042514181249,9.058914063930668,1139
2023-12-12,1,78.15896542383457,5.589236997115295,1141
2023-12-13,1,57.252039730556056,0.1942937026353142,1145
2023-12-14,1,91.5903751981486,7.358438256999198,1167
2023-12-15,1,69.92009971014083,1.228781772233576,1186
2023-12-16,1,38.48044483756047,6.576724131420288,1202
2023-12-17,1,77.35915441645189,5.02938804433639,1211
2023-12-18,1,87.31818149745833,5.196313728202906,1231
2023-12-19,1,79.41874903715063,6.384321908182542,1250
2023-12-20,1,87.14922863828356,6.446215946721056,1259
2023-12-21,1,64.23129941709144,5.105747474785341,1270
2023-12-22,1,69.41823143550728,6.91950239769119,1271
2023-12-23,1,62.911781395583326,6.99440300657133,1285
2023-12-24,1,54.3136013667783,6.894817002153121,1290
2023-12-25,1,73.69874438809134,8.974928042760098,1307
2023-12-26,1,78.23900309288157,8.883585962984737,1307
2023-12-27,1,40.7784915239001,1.430758585934152,1320
2023-12-28,1,62.623262505511846,5.82881048172027,1343
2023-12-29,1,30.5110696941051,7.363153060861723,1360
2023-12-30,1,65.33097543961574,5.925239586681412,1366
2023-12-31,1,32.63249996173954,0.431631202317756,1388
2024-01-01,0,65.78750062943553,0.9348015543199018,7
2024-01-02,1,42.5484187960096,1.661374243098468,31
2024-01-03,1,96.97029119624544,4.479294699247298,48
2024-01-04,1,36.73251266307759,5.212558488652563,51
2024-01-05,1,32.33109160212733,8.505144638192135,59
2024-01-06,1,31.67382603942783,9.218697349443222,67
2024-01-07,1,88.43961121806512,5.2829202691701616,77
2024-01-08,1,31.30067262231436,7.661752663392204,94
2024-01-09,1,79.79677371478755,3.340406430997916,105
2024-01-10,1,46.5853252148009,0.7832823446317261,122
2024-01-11,0,41.75836396713827,4.272345335788143,17
2024-01-12,1,89.49787158148948,2.857752072972493,24
2024-01-13,1,55.47054218849047,6.106472714792753,29
2024-01-14,0,65.65946293658479,9.205566875512236,17
2024-01-15,1,47.12852565894988,8.752761396115643,29
2024-01-16,1,35.566043468135426,7.86042138049323,41
2024-01-17,1,50.296604668992906,3.508442810418747,65
2024-01-18,1,33.64809933217889,0.1120787251392718,87
2024-01-19,1,63.136458384211096,3.1092880839218795,110
2024-01-20,1,64.13818115083801,6.149296082018484,110
2024-01-21,1,48.46673192446066,2.3973016829008564,131
2024-01-22,1,52.69376201331768,2.894715388447972,153
2024-01-23,1,34.38602441971561,3.4704667896736465,159
2024-01-24,1,80.15215849318623,0.1614661006068207,170
2024-01-25,1,31.30476028979527,9.292836935750788,176
2024-01-26,1,35.44058168652661,9.684990692427832,180
2024-01-27,1,71.07285118294658,7.916156413792768,188
2024-01-28,1,85.37032992344248,9.221142922827523,211
2024-01-29,0,47.1737333370086,6.335892496656687,12
2024-01-30,1,97.79972825235018,7.565187249962558,19
2024-01-31,1,56.01416794998854,0.7120884554492335,23
2024-02-01,1,26.78879596224413,0.5738766113621463,37
2024-02-02,1,66.54408321037909,9.065361394290209,41
2024-02-03,1,70.74755482761519,2.734752339227191,53
2024-02-04,1,50.70182152223601,7.272010219487947,70
2024-02-05,1,47.82057848599013,0.2530984455585339,89
2024-02-06,1,21.3755918235344,7.064063797982901,98
2024-02-07,1,87.06531955921747,2.9272950613536186,100
2024-02-08,1,74.37236205264216,9.044777677836494,117
2024-02-09,1,31.899440704442696,9.733597780416536,123
2024-02-10,1,80.16545179481261,6.878357297307629,137
2024-02-11,1,45.220367828870565,5.483012766245108,138
2024-02-12,1,52.70110963498398,7.618809857145945,141
2024-02-13,1,75.67103316779462,7.043420818863712,161
2024-02-14,1,29.395982795252795,5.7607405912947485,166
2024-02-15,1,80.86693489022704,7.280921397551376,188
2024-02-16,1,68.30306559353602,5.109048000324482,203
2024-02-17,1,41.76077504314585,4.463721669477466,225
2024-02-18,1,30.04379964715052,8.970947880313386,243
2024-02-19,1,54.22781829388942,7.062929487797318,245
2024-02-20,1,92.41024996933376,6.199885032227516,258
2024-02-21,1,45.495981392547584,1.568946215303172,272
2024-02-22,1,20.34743497513332,7.519281659563793,291
2024-02-23,1,78.21950298116523,6.2617271287446,315
2024-02-24,1,83.99011790450743,1.885723943988119,334
2024-02-25,1,40.23956609707837,6.618033238515303,354
2024-02-26,1,44.87955835452984,4.830627525903664,367
2024-02-27,1,76.79349799296969,1.6713584979116447,389
2024-02-28,1,55.99844904321746,3.310405143220265,390
2024-02-29,1,72.72541767054818,6.629192485335676,404
2024-03-01,1,20.922981268916992,5.0026115402713645,426
2024-03-02,1,37.96961355490561,1.2529911024267082,434
2024-03-03,1,87.16341678046702,4.6107474071582,444
2024-03-04,1,21.312095487783253,3.543604991057409,465
2024-03-05,1,62.4256115337754,7.301217978745163,467
2024-03-06,1,92.31077266573182,5.174402617350593,478
2024-03-07,1,60.54290244173495,7.352722857145184,502
2024-03-08,1,25.315900039490096,4.714713748262351,519
2024-03-09,1,32.59913100917079,4.894280360971975,530
2024-03-10,1,33.98914215062974,2.580772103116264,530
2024-03-11,1,35.8339269812907,2.61081560138439,539
2024-03-12,0,85.43201485460744,2.115100139702272,20
2024-03-13,1,49.86683991386626,9.106069489498813,35
2024-03-14,1,61.07176727495612,3.7872323996948696,48
2024-03-15,1,54.20225981805566,9.088905149399231,70
2024-03-16,1,32.905178590144494,1.118975900084963,90
2024-03-17,1,43.81617153494738,4.719385810700462,94
2024-03-18,1,44.80562892433486,8.13856661542952,115
2024-03-19,1,82.38041867181943,3.897927864566193,136
2024-03-20,1,27.54983874375621,9.128620467846693,150
2024-03-21,1,20.68834352740857,0.3519403019693834,157
2024-03-22,1,59.5826873338528,6.764226456290469,168
2024-03-23,1,63.938703031859376,2.422259366646249,186
2024-03-24,1,28.836465829973925,4.502934666723029,191
2024-03-25,1,86.29438702488605,9.875659788372934,214
2024-03-26,1,56.88211237227519,9.64446426705355,228
2024-03-27,1,78.36940069757135,8.753804147053032,243
2024-03-28,1,24.236825827598707,8.784296242986818,252
2024-03-29,1,70.60902166230679,2.482116225594938,263
2024-03-30,1,54.11739097618941,1.008835087198755,274
2024-03-31,1,39.76209381928663,2.714841878681087,284
2024-04-01,1,67.76484531229082,3.515038172975249,293
2024-04-02,0,29.234595690305483,1.9338286523641608,24
2024-04-03,1,45.3834898361619,9.910715914148131,28
2024-04-04,1,75.0974780467221,2.599894259386187,34
2024-04-05,1,43.98228025609478,8.0966400358924,49
2024-04-06,1,85.87333769915152,6.108565545155892,60
2024-04-07,0,27.68373324233716,9.58973600318257,6
2024-04-08,1,34.966988464943626,9.629313247286769,23
2024-04-09,1,78.55333436537714,7.507891185825285,32
2024-04-10,1,49.40724721277421,0.3090395824636283,38
2024-04-11,1,71.09130358451604,3.883937646597028,38
2024-04-12,1,80.59267747411553,2.819030965580902,47
2024-04-13,1,78.08364315775343,4.4631347991178805,56
2024-04-14,1,96.2680070747337,9.500523112651903,79
2024-04-15,1,54.98655888936597,8.9563971884683,102
2024-04-16,1,30.31922760745016,1.2218932388418269,123
2024-04-17,1,70.65398166765549,6.105059125538306,129
2024-04-18,1,34.05677080389306,0.9302121740049828,144
2024-04-19,1,35.26090827547419,6.523614453991758,167
2024-04-20,1,43.77977495322921,1.3593672450945893,175
2024-04-21,1,45.69105253510734,2.4955417002851634,187
2024-04-22,1,64.0985367984979,1.6912175646983885,189
2024-04-23,1,57.820491001724704,3.5368851064680475,210
2024-04-24,1,46.61705606296152,2.9875686353774524,218
2024-04-25,1,44.51640816768101,5.007547269154625,230
2024-04-26,1,62.81571830094342,8.175926712913963,241
2024-04-27,1,29.62082731046213,3.0963490432234986,253
2024-04-28,0,97.045365837958,5.521518261804851,24
2024-04-29,1,71.74855816819772,4.88188384368251,46
2024-04-30,1,58.170335306962365,4.63564154132431,46
2024-05-01,1,26.142037953518617,1.7708908297377224,67
2024-05-02,1,48.86652714567344,7.181795909523023,74
2024-05-03,1,63.18697936488459,0.7612416249919673,85
2024-05-04,1,20.27387689883529,0.3778515696383455,100
2024-05-05,1,66.75345022703098,2.9639533780389526,100
2024-05-06,1,44.70066548645711,4.896334183792011,123
2024-05-07,1,37.82842880614521,8.364020641062503,145
2024-05-08,1,79.72308585632616,9.516056220026666,165
2024-05-09,1,62.60472465476524,3.0350750842858343,184
2024-05-10,1,80.8856451789876,5.061141012504441,193
2024-05-11,1,31.120669521496083,4.191509163357855,195
2024-05-12,1,42.82843518879822,4.669093602482837,201
2024-05-13,1,76.66103379099448,4.045664365102192,218
2024-05-14,1,60.21562136648142,5.559310360531273,235
2024-05-15,1,29.096958028634205,3.482317141718098,238
2024-05-16,1,82.44247694163231,5.72941500247869,258
2024-05-17,1,52.09372330561379,9.194581340142191,280
2024-05-18,1,75.39115427231289,7.034504540826879,282
2024-05-19,1,54.095522582521326,2.99404003323268,302
2024-05-20,1,68.4948188328712,5.763586250771461,305
2024-05-21,1,37.45212188647776,3.3293775639557355,328
2024-05-22,1,58.31113283745104,7.418040042987812,345
2024-05-23,1,72.39265480610385,4.437453097776862,364
2024-05-24,1,84.03410506026515,6.795813014861942,364
2024-05-25,1,46.191843299514055,2.019341366358706,377
2024-05-26,1,61.23850285435648,5.724362905878837,385
2024-05-27,1,85.67015802293567,3.201495596189128,405
2024-05-28,1,29.123664007998524,5.802998504047468,409
2024-05-29,1,64.84229999495165,0.2308878940592229,415
2024-05-30,1,29.626840500582823,2.3971654934024835,416
2024-05-31,1,26.21799330596212,9.44618314058936,427
2024-06-01,1,27.61427837224589,5.624518112202383,427
2024-06-02,1,60.31962084863498,6.454082292460184,441
2024-06-03,1,96.64031296427872,5.130629975117364,460
2024-06-04,1,29.28902621015016,3.5295146075164774,469
2024-06-05,1,57.60816078500581,5.279661703069884,474
2024-06-06,1,61.085970544651175,7.22846889834692,493
2024-06-07,1,27.689034426794148,1.2961099703501255,513
2024-06-08,1,76.98810097578769,8.488843934485505,514
2024-06-09,1,33.260959733361936,8.214535339724858,531
2024-06-10,1,60.15122440289577,9.548855124172404,532
2024-06-11,1,84.26977172263646,1.5821509525738575,548
2024-06-12,1,74.37942767463656,2.1762453762730694,552
2024-06-13,1,41.0509195878419,4.696688834493151,570
2024-06-14,1,84.89750884817201,2.3401175447982325,584
2024-06-15,1,67.6638014366653,5.701031933696257,606
2024-06-16,1,89.96231832861169,1.3383637222410485,622
2024-06-17,1,52.43814871213311,0.8587841920268857,633
2024-06-18,1,69.386106937687,2.793543632319593,642
2024-06-19,1,40.18728948209855,1.3141571551779352,649
2024-06-20,1,99.73486601905208,1.798804407405017,672
2024-06-21,1,36.61908638320836,9.881200670566164,680
2024-06-22,1,33.13392975383977,1.8258891332516125,687
2024-06-23,1,29.9273384558116,7.068746074406156,705
2024-06-24,1,80.87329740630172,2.315275077263456,723
2024-06-25,1,71.48585972458781,7.976104243096058,744
2024-06-26,1,93.69339202922392,8.937137202080853,745
2024-06-27,1,89.69097216303862,8.614817372999651,755
2024-06-28,1,79.92961811368788,6.77469717960673,776
2024-06-29,1,61.41493688234917,8.8230561548256,796
2024-06-30,1,82.84104148469198,1.764538430595337,796
2024-07-01,1,94.27150960608122,1.950426523946296,812
2024-07-02,1,56.749040674171255,4.512862653630832,814
2024-07-03,1,59.09825248223739,9.985130905057977,816
2024-07-04,1,27.326531101349254,1.7989690188364982,823
2024-07-05,1,69.93058617096688,6.91715537794212,824
2024-07-06,1,76.61046504808536,5.712075140513335,838
2024-07-07,1,53.12157433018741,3.1297313867345777,860
2024-07-08,1,44.23292099104168,8.9566476781192,871
2024-07-09,1,59.71737517716005,4.968144220932462,872
2024-07-10,1,35.30187848744931,8.660020599157068,882
2024-07-11,1,60.86454525767046,5.661397791838391,891
2024-07-12,1,43.916777394006346,7.442540458272763,907
2024-07-13,1,23.24614172491625,3.2373811104982817,920
2024-07-14,1,63.35509083015281,1.724808574043556,926
2024-07-15,1,25.176640583554303,0.3121147637731436,932
2024-07-16,1,56.645580524870994,5.776243157727235,939
2024-07-17,1,84.1035005214662,5.158193407073749,963
2024-07-18,1,35.012982548344986,1.3094841483772135,982
2024-07-19,1,38.90050801614064,4.432783193257007,1006
2024-07-20,1,73.87059106165358,0.339559653511331,1026
2024-07-21,1,72.34181979729465,0.8319704660100846,1031
2024-07-22,1,52.52316114374982,7.187594380340628,1052
2024-07-23,1,74.82170790488175,2.51126847942308,1052
2024-07-24,1,51.80698748442717,0.2151997061929988,1065
2024-07-25,1,70.52287070065333,1.7109623719244993,1069
2024-07-26,1,41.02802187637596,1.9844901936894288,1091
2024-07-27,1,27.88838780013588,0.8498068876691078,1107
2024-07-28,1,77.32634498821119,5.859093733943068,1115
2024-07-29,1,50.45826614338053,3.736362227950405,1127
2024-07-30,1,68.95642714237803,9.863487154117776,1141
2024-07-31,1,28.837997393570227,7.084083283424492,1158
2024-08-01,1,21.228800040873583,3.1752419718851685,1159
2024-08-02,1,23.73603193052532,1.989055722556471,1181
2024-08-03,1,37.23393249512093,5.440790117541212,1183
2024-08-04,1,30.61263091812832,0.6947543948962953,1204
2024-08-05,1,43.82542947446565,0.9951618169953648,1225
2024-08-06,1,21.061110111333523,6.3211304258233225,1230
2024-08-07,1,70.9226654488926,3.457860801972936,1250
2024-08-08,1,49.53400568959541,1.9775423991250063,1274
2024-08-09,1,81.04415065265174,7.429064162161013,1298
2024-08-10,1,81.67655737334667,7.866762569365628,1299
2024-08-11,1,53.87018151967479,8.790828961591387,1300
2024-08-12,1,86.86543465450828,5.251287799110568,1308
2024-08-13,1,54.90825591369187,9.6182764463618,1314
2024-08-14,1,48.19223083611255,9.886254099163242,1333
2024-08-15,1,71.60326695162865,0.3494945716006947,1356
2024-08-16,1,50.29457709871332,3.750475637295153,1371
2024-08-17,1,66.70648183958822,9.602517638704573,1372
2024-08-18,1,59.63171375396395,7.915990967946207,1378
2024-08-19,1,74.23701539815059,9.598519745306344,1395
2024-08-20,1,35.28952531226509,4.608421528684126,1401
2024-08-21,1,76.32439109219392,6.487656942766699,1421
2024-08-22,1,91.4502125879985,4.532536906228732,1444
2024-08-23,1,63.667518137407946,4.27520525360617,1450
2024-08-24,1,26.6082540097812,2.2169764334950246,1464
2024-08-25,1,33.6695103405586,3.0190005654998964,1475
2024-08-26,1,94.5123133039814,4.476591140052203,1477
2024-08-27,1,32.14078293837127,9.457829951194215,1499
2024-08-28,1,62.70979185410877,6.466781645058587,1504
2024-08-29,1,30.41859167313291,9.278146907410724,1507
2024-08-30,1,82.07172207140195,6.205898810896815,1515
2024-08-31,1,38.271943898988354,9.69851025255673,1526
2024-09-01,1,65.89587797102429,6.550538362939584,1550
2024-09-02,1,91.5299482308536,5.085101468475747,1573
2024-09-03,1,52.58103810492476,0.5052148576477999,1585
2024-09-04,1,28.38725307636932,9.45547643277128,1596
2024-09-05,1,57.04659280212312,7.373556356537479,1607
2024-09-06,1,26.93985127296565,2.126847643314166,1622
2024-09-07,1,21.30768548998677,5.480321788813568,1634
2024-09-08,1,58.01388270434676,5.700518455464182,1644
2024-09-09,0,25.878573493095736,8.311476643645735,23
2024-09-10,1,61.06307222002873,7.91691004536413,42
2024-09-11,1,87.01880919158913,7.399053748581347,57
2024-09-12,1,50.6666859375085,4.643232718696351,66
2024-09-13,1,94.63357289205165,3.079326894874701,69
2024-09-14,1,44.11455864885415,0.8720637933662545,87
2024-09-15,1,43.25160456703741,4.013142326454144,93
2024-09-16,1,89.91400857964665,3.9526028289132817,103
2024-09-17,1,92.53767532496433,6.527774277096868,127
2024-09-18,0,20.31482297764656,0.8531158914975967,2
2024-09-19,1,52.08606676844521,4.794666432355943,19
2024-09-20,1,42.21152097004799,8.03932870930439,30
2024-09-21,1,77.93352377516563,3.29459006243242,36
2024-09-22,1,86.9431945115107,6.565713277888476,48
2024-09-23,0,45.21571285286561,9.75054796702492,5
2024-09-24,1,43.78784800283026,4.032116981535009,21
2024-09-25,1,56.68951928708946,4.418364677849596,29
2024-09-26,1,45.49731561792275,6.625259455649505,52
2024-09-27,1,27.93995654104708,1.6820734945377511,72
2024-09-28,1,63.31469346702068,8.813331263243212,73
2024-09-29,1,58.07800378008589,3.848730719623367,90
2024-09-30,1,49.58394026349015,8.238703701520706,110
2024-10-01,1,25.63585012596974,6.490760783366374,134
2024-10-02,1,57.84889556697272,6.815155762463091,150
2024-10-03,1,68.91811794782832,0.5445906884427565,165
2024-10-04,1,51.24687863667681,3.3933178399478847,173
2024-10-05,1,99.43801080586805,7.856133513278172,195
2024-10-06,0,32.34387956272741,4.4794221246621415,0
2024-10-07,1,36.71785681803182,1.3327027541446324,23
2024-10-08,1,83.19065206561915,5.141205778451823,45
2024-10-09,1,87.52855073507786,9.012935194065646,54
2024-10-10,1,89.84546162448761,5.974231077584,61
2024-10-11,1,75.84380436793603,9.067701084515091,80
2024-10-12,1,21.23646662143008,9.094307143212012,83
2024-10-13,1,49.70656675055967,5.047365351314629,90
2024-10-14,0,58.26304723844562,9.396087704642344,1
2024-10-15,1,72.29041001221637,5.449060783154921,12
2024-10-16,1,65.53265604849682,9.80417835757047,32
2024-10-17,1,77.08007785608335,2.9252081224526805,47
2024-10-18,1,45.02510192828653,5.929884097380837,49
2024-10-19,0,69.87007552890088,4.664252809051971,19
2024-10-20,1,37.32376473961884,7.313333489719315,42
2024-10-21,1,95.62582615559796,5.812422736478789,64
2024-10-22,1,29.22165924905465,0.256387304117488,77
2024-10-23,1,29.811988130842742,2.006977659527572,92
2024-10-24,1,59.59051848085368,4.885646789692604,102
2024-10-25,1,80.70557205680245,1.7769768753561943,125
2024-10-26,1,79.4580337273068,0.9889284808369524,129
2024-10-27,0,25.86345946454856,3.621728934296027,12
2024-10-28,1,49.305634818400975,1.6911095514391072,13
2024-10-29,1,45.0869594437162,4.522166051025263,30
2024-10-30,1,32.301173373662884,3.431892509434366,50
2024-10-31,1,55.72894440690508,9.277672485016362,60
2024-11-01,1,70.55210487171813,7.858375504653839,63
2024-11-02,1,91.40761406063788,7.327277092395493,73
2024-11-03,1,65.00159265292939,0.708637953007063,96
2024-11-04,1,65.62217511154375,5.345092312437586,102
2024-11-05,1,76.19548645853905,7.122122178618479,126
2024-11-06,1,52.40315941810725,6.485570904699859,132
2024-11-07,1,82.35792924307972,8.145925309560726,150
2024-11-08,1,51.23068465754862,8.97033538675093,158
2024-11-09,1,23.49503934127803,1.9454543251560907,177
2024-11-10,1,98.81609042042396,1.04564564717455,201
2024-11-11,1,64.1730123310305,6.048016738724637,213
2024-11-12,1,90.92838088140172,2.7378955406599994,219
2024-11-13,1,97.0454887956096,9.322458687552524,242
2024-11-14,1,66.21862826807444,0.072092872176197,250
2024-11-15,1,92.50449278393096,5.144185693811965,269
2024-11-16,1,22.94046412344902,1.5112340881844075,286
2024-11-17,1,28.445184828143013,6.087952784929637,300
2024-11-18,1,72.59143458589833,9.518365372427644,324
2024-11-19,1,66.50023325602032,7.475491360161078,330
2024-11-20,1,42.250360182059694,2.668829787445267,345
2024-11-21,1,28.756595781399827,5.643432939589479,359
2024-11-22,1,48.432266904370174,1.2757040115352236,363
2024-11-23,1,82.35530523350721,4.092878471316908,363
2024-11-24,1,60.42988558121544,2.4553025403772457,387
2024-11-25,1,99.4040670302487,2.0856922697495337,408
2024-11-26,1,46.79965659159823,4.09481377873993,417
2024-11-27,1,75.69523382550832,4.742548426183416,428
2024-11-28,1,47.68781532498336,4.49771402166828,436
2024-11-29,1,82.88683746318753,9.966471116600514,441
2024-11-30,1,23.10981564977114,3.645998475677608,462
2024-12-01,1,70.53129625497053,5.204961390122648,471
2024-12-02,1,75.38728300701646,5.474882150214543,473
2024-12-03,1,94.86201944273851,7.689788217838015,487
2024-12-04,1,89.37887306955005,2.4951064501607165,508
2024-12-05,1,51.35462687799966,8.68138502721967,508
2024-12-06,1,83.42606850074255,9.22497162905279,529
2024-12-07,1,28.217151249661967,1.8442688796384588,547
2024-12-08,1,29.23867809925663,4.62119027042382,565
2024-12-09,1,21.61420774522,1.1160399804419583,570
2024-12-10,1,80.74575381262571,8.09255933021143,575
2024-12-11,1,67.96127505491941,3.872241384801656,589
2024-12-12,1,47.52467763828782,0.7312389289050736,591
2024-12-13,1,48.04329509339943,8.836478300112411,615
2024-12-14,1,72.82993816087162,0.5536749230883731,631
2024-12-15,1,77.04146278011942,6.231990520894989,644
2024-12-16,1,73.59548046401514,7.767842302969258,663
2024-12-17,1,95.63149880468562,6.83325624416236,680
2024-12-18,1,63.47253898144179,6.351895588909167,695
2024-12-19,1,52.10517111034388,7.806282721204244,718
2024-12-20,1,90.55022071824985,5.363615437943294,727
2024-12-21,1,26.23151846848198,2.286606084427303,729
2024-12-22,1,20.98010096138136,8.446239476050604,739
2024-12-23,1,43.42526702285895,1.2678627084599003,747
2024-12-24,1,36.44995210371091,1.6511021028832384,769
2024-12-25,1,51.41970797564692,6.8708327660531685,788
2024-12-26,1,82.56535176496425,9.332236780150366,798
2024-12-27,1,38.58776054355979,2.74894900115368,808
2024-12-28,1,90.3971972819356,5.3828435353978215,812
2024-12-29,1,21.10452401599508,5.68656401158766,824
2024-12-30,1,30.559627729246586,7.948501288571732,828
2024-12-31,0,22.50827404599054,3.71057969942565,22
